Artist,Album,Date
"& Main, 49th",Happy Tears,2025-07-21
"& Nixote, Anissia",Porcelain Rot,2025-07-21
"Anderson, Peter and Will",The Best of Berlin,2025-07-21
"Arcade, The Cave",Castles,2025-07-21
Aunt Katrina,Aunt Katrina,2025-07-21
Bad Luck Pearl,Bad Luck Pearl,2025-07-21
Barry Can't Swim,Loner,2025-07-21
Big Special,National Average,2025-07-21
Crystal Viper,The Live Quest,2025-07-21
Fabia Mantwill Orchestra,IN.SIGHT,2025-07-21
"Glasper, Robert",Let Go,2025-07-21
Glass Petals,Just Let Go EP,2025-07-21
"Goomahs, The",Magazine,2025-07-21
"Goomahs, The",Utopia,2025-07-21
"Honeybear, the Band",Work in Progress,2025-07-21
Josh Hendrick,Why Don't You Just Kiss Her Instead Of Talking Her To Death?,2025-07-21
KJ,Tapes and Trials of a Boy From Nowhere,2025-07-21
"Korb, Ron",Global Canvas,2025-07-21
"Kynard, Charles",Woga,2025-07-21
Luke Warm And The Cold Ones,Luke Warm And The Cold Ones,2025-07-21
"Lynch, Mike",Used to dream I was a cowboy,2025-07-21
Mal Blum,The Villain,2025-07-21
Moptop,Long Day,2025-07-21
"Pencil Co., Hangman",the kids from the powerlines,2025-07-21
Petey USA,The Yips,2025-07-21
"Rey, Laser",Laser Rey,2025-07-21
"Sahunta, Josh",To Be Loved Vol. II,2025-07-21
"Shootouts, The",Switchback,2025-07-21
"Souter, Tessa",Shadows and Silence: The Erik Satie Project,2025-07-21
Split Chain,motionblur,2025-07-21
Teen Mortgage,Devil Ultrasonic Dream,2025-07-21
Vanden Dool,I Don't Know If You Can Love Me,2025-07-21
Various,Volume 8,2025-07-21
"Weeds, Cory , and Jerry Weldon",Cory Weeds Meets Jerry Weldon,2025-07-21
110%,Exposure Therapy [EP],2025-07-22
81355,Bad Dogs,2025-07-22
Akeeda,I Forget Myself,2025-07-22
Alex G,Headlights,2025-07-22
Are We Hunting,Impersonations of Suffering and True Love,2025-07-22
Aunt Katrina,This Heat is Slowly Killing Me,2025-07-22
Baladeur,Répertoire,2025-07-22
Benny the Butcher,Summertime Butch 2,2025-07-22
Bianca Oblivion,NET WORK,2025-07-22
"Chadio, & The Gumshoe Strut",Root Sellers,2025-07-22
Church of Trees,Thief of Joy,2025-07-22
Cid Rim,SPRINT,2025-07-22
Daphni,Clap Your Hands (single),2025-07-22
Daylight Robbery! and Nick Marks,Third Island Suite,2025-07-22
Debt Neglector,Kinda Rips,2025-07-22
"Depths, Still",Like Hell!,2025-07-22
Electric Youth,North Of Normal,2025-07-22
Fistowozl,Venn Maze,2025-07-22
Forth Wanderers,The Longer This Goes On,2025-07-22
Friendly Rich,FRIENDLY RICH sings THE NIHILIST SPASM BAND,2025-07-22
"gustafsson, mats , vandermark / reid / taylor",pivot,2025-07-22
"Hill, Aaron",Small Town Empty,2025-07-22
houseguest,cry about it,2025-07-22
"Jessica, Winter",My First Album,2025-07-22
Kevin Abstract,Blush,2025-07-22
kmoe,K1,2025-07-22
Late Night Drive Home,as i watch my life online,2025-07-22
Leroi Conroy,A Tiger's Tale,2025-07-22
"Lidell, Jamie",Places of Unknowing,2025-07-22
Mufaro Marimba,neShamwari with Friends,2025-07-22
Mutt,Fuzzy Folk Gems,2025-07-22
Ólafur Arnalds & Talos,A Dawning,2025-07-22
Orchestroll,Corrosiv,2025-07-22
Pacific Coliseum,Voice Wave,2025-07-22
PARKiNG,PORTRAiTS,2025-07-22
Potatohead People and Nick Marks,Emerald Tablet,2025-07-22
Potatohead People and Slippery Elm,Emerald Tablet,2025-07-22
"Reed, Lee",Pitchforks and Torches,2025-07-22
Rival Consoles,Landscape from Memory,2025-07-22
salute,"TRUE MAGIC, DELUXE",2025-07-22
"Shipp, Matthew",The Cosmic Piano,2025-07-22
Three Layer Cake,Sounds The Colors of Grounds,2025-07-22
Time Fjord,Split Together,2025-07-22
Various,The State Of Canada,2025-07-22
Vespéral,La Mort de l'Âme,2025-07-22
"Yanya, Nilufer",Dancing Shoes,2025-07-22
"Anderson, Dave",In Lieu of Flowers,2025-07-25
"Muldaur, Maria",One Hour Mama: The Blues of Victoria Spivey,2025-07-25
Totalement Sublime,Parhelie,2025-07-25
BC Camplight,A Sober Conversation,2025-07-28
Bedolina,Sun and Flamingos,2025-07-28
Décryptal,Simulacre,2025-07-28
Dropkick Murphys,For The People,2025-07-28
DROUGHT,Souvenier,2025-07-28
DYLUSION,Pulled Apart,2025-07-28
Fortunato Durutti Marinetti,"Bitter Sweet, Sweet Bitter",2025-07-28
"Garcia, Calista",Animal Magnifique,2025-07-28
"Grace, Laura Jane",Adventure Club,2025-07-28
"Hamdan, Yasmine",I remember I forget,2025-07-28
"Hunt, Graham",Timeless World Forever,2025-07-28
"Jago, Tim",Time Shift,2025-07-28
"Jazeera, Amira",The Amira Diaries,2025-07-28
Kirmeve,In Recent Memory,2025-07-28
Long Branch,Arc of the Sun,2025-07-28
M83,A Necessary Escape,2025-07-28
"Marie, Tenise",Off The Record,2025-07-28
NECHT,The Inevitable Suffering,2025-07-28
Portugal. The Man,uLu Selects Vol #2,2025-07-28
"Rubber Bullys, The",Conflictation,2025-07-28
Sanford,Violet Gave Willingly,2025-07-28
Teenage Art Scene,Format Wars,2025-07-28
1000 Handz,Electric Island,2025-07-29
"Adams, Dominique",To Keep,2025-07-29
Aelys,Flowmotion,2025-07-29
Anvaya,Sands Between Us,2025-07-29
Artichoke,Artichoke,2025-07-29
Awaiting Abigail,Awaiting Abigail,2025-07-29
beaming,beaming,2025-07-29
"Bergman, Natalie",My Home Is Not In This World,2025-07-29
Breagh Isabel,Things I Never Told You,2025-07-29
"Carn's, William , Choices",The Unburdening,2025-07-29
"Cloverdale, of the Jaded,Return",Nobody,2025-07-29
Corey Lingo,Safe 2 Say,2025-07-29
"Cypress Hill , & The London Symphony Orchestra",Black Sunday Live At The Royal Albert Hall,2025-07-29
Damn Coyote Chris,Departures,2025-07-29
"Dream, Ivory",When You Come Back I Have So Much to Tell You,2025-07-29
FLO x Kaytranada,The Mood,2025-07-29
Folk Bitch Trio,Now Would Be A Good Time,2025-07-29
Grupo Pagan,Power,2025-07-29
Illvis Freshly,Illvis Has Left The Building,2025-07-29
Indigo De Souza,Precipice,2025-07-29
"Inga, Natalie",Know When To Leave,2025-07-29
Jim Legxacy,black british music (2025),2025-07-29
"Kismet, Moore",SATURATE YOUR WORLD,2025-07-29
Live By The Sword,The Pagan Pantheon,2025-07-29
LØVE OUTLIER,breather,2025-07-29
"Marina, Raquel",Kind Words,2025-07-29
"Mazurek, Rob , & The Exploding Star Orchestra",Holy Mountains,2025-07-29
Narcy & Buddha Blaze,No Smoking Allowed,2025-07-29
"Nebbia, Camila",exhaust,2025-07-29
Neighbourly,Get In,2025-07-29
Nicole & Troy Vladislavovich,Out Of Control,2025-07-29
Onion Honey,Banjo Church,2025-07-29
OTHIEL,World's Fastest Car,2025-07-29
Pretty Math,Limnology,2025-07-29
Puffer,Street Hassle,2025-07-29
Pyrex,Slugman,2025-07-29
"Raganzini,Lorenzo, Ferrara,Paolo, Angel Cannon",Phoenix,2025-07-29
René LaVice & Inja,Go Nuts,2025-07-29
"Rivera, Diego",West Circle,2025-07-29
"Romano's, Daniel , Outfit",Live In Oslo,2025-07-29
"Salvador,, Dom , Adrian Younge and Ali Shaheed Muhammad",Dom Salvador JID024,2025-07-29
"Shafiei, Ashkan",Hunter,2025-07-29
Silla,Sila Is Boss,2025-07-29
Somna & Adara,Somewhere Dreams Come True,2025-07-29
Sunforger,Auspices,2025-07-29
"Tweedy, Jeff",Enough / One Tiny Flower / Out In The Dark / Stray Cats in Spain,2025-07-29
"Tyler, The Creator",Don't Tap the Glass,2025-07-29
"Umino, Fuemoto",Hemp Leaves (2025 Remastered),2025-07-29
Various,Afro-Portuguesa,2025-07-29
Vital Pain,Let There Be Trash,2025-07-29
Zion Train,Dubs Of Perception,2025-07-29
"Baldini, Paolo , DubFiles",In the Shell,2025-08-01
"Bird, Jade",Who Wants To Talk About Love?,2025-08-01
Lola Kirke,Trailblazer,2025-08-01
Neo Tribal Vision,In a Foreign Movie,2025-08-01
"Olive Klug, Olive , Klug",Lost Dog,2025-08-01
"Onabule, Ona , and Nichola Meier",Proof of Life,2025-08-01
Sophie Hutchings,become the sky,2025-08-01
"Trunzo, Sara",Better Than I Was,2025-08-01
We Came As Romans,ALL IS BEAUTIFUL... BECAUSE WE'RE DOOMED,2025-08-04
$ilkmoney,Who Waters the Wilting Giving Tree Once the Leaves Dry Up and Fruits No Longer Bear?,2025-08-05
3S-AMI-5A,"Seriously Ridiculous, Ridiculously Serious.",2025-08-05
A Recorded Dawn / Hose,Split EP,2025-08-05
Abstrakt Sonance,Pixelated EP,2025-08-05
Acapulco Lips,Now,2025-08-05
AKASublime,idm,2025-08-05
Bas & The Hics,Melanchronica,2025-08-05
Bas and the Hics,Melanchronica,2025-08-05
blackwinterwells,woven shut,2025-08-05
Bleary Eyed,Easy,2025-08-05
borne,Hold Me Down,2025-08-05
"Bougaïeff, Nicolas",Sunday Summer EP,2025-08-05
BudgieMint,True Happiness Never Comes Back,2025-08-05
Calva Louise,Edge of the Abyss,2025-08-05
Clifford,Golden Caravan,2025-08-05
"Clifton, Ben",Overlook,2025-08-05
"Club, Cosmic",COSMIC CLUB 2,2025-08-05
Conscious Pilate,Malfunction,2025-08-05
Constellation Myths,The Cost of Living,2025-08-05
Crown Lands,Ritual I,2025-08-05
Crüzer,Look to the Skies,2025-08-05
David Longstreth / Dirty Projectors / s t a r g a z e,Song Of The Earth,2025-08-05
Dear Evangeline,Other Side,2025-08-05
Dixie's Death Pool,Soon,2025-08-05
Fairuz,Chat Iskandaria,2025-08-05
False Gods,Lost in Darkness and Distance,2025-08-05
Far Caspian,Autofiction,2025-08-05
Fionavair,Gauntlet,2025-08-05
Flashbulb,Papillon,2025-08-05
"Friday, Debby",The Starr of the Queen of Life,2025-08-05
Frythm,Yoshika Colwell,2025-08-05
"Fujii, Satoko",Message,2025-08-05
g.a.l.,thrown,2025-08-05
Ghost Etiquette,The Ember's Glow,2025-08-05
"Gibbs, Freddie , & The Alchemist",Alfredo 2,2025-08-05
"Gilchrist, Lafayette",Move With Love,2025-08-05
Gollden,Destiny,2025-08-05
GWAR,The Return of Gor Gor,2025-08-05
H de Perra and C. Spaulding,Cruz y Ficción,2025-08-05
HA!LS,HA!LS,2025-08-05
"Hammond, Murry",Trail Songs of the Deep,2025-08-05
Headlong Hearts,Creatures of Habit,2025-08-05
HELL,Submersus,2025-08-05
"Holland, Patrick",In Memory,2025-08-05
Hot Toddies Jazz Band,Live From Somewhere Nowhere,2025-08-05
j.o.y.s.,j.o.y.s.,2025-08-05
"Jimenez, Carlos , Quartet",Deja Vu,2025-08-05
Junk Mail,Big Heavy Thing,2025-08-05
Kali Horse,2099,2025-08-05
"Kenney, Madeline",Kiss from the Balcony,2025-08-05
"Khodja, Freh",Ken Andi Habib,2025-08-05
Kurt Vile & Luke Roberts,Classic Love EP,2025-08-05
La Déferlance,Âmes des bois,2025-08-05
"Levy and Alex Stevens, Ethan",Two Silent Passengers,2025-08-05
"Lovestory, Isabella",Vanity,2025-08-05
"Lucena, Agustin Pereyra",Puertos de Alternativa (Reissue),2025-08-05
Mal Devisa,Palimpsesa,2025-08-05
Malled,New-Clear,2025-08-05
Mandyspie,MINUIT MOINS UNE,2025-08-05
mark william lewis,Sparkles 22-24,2025-08-05
Mary Ancheta Quartet,Rituals,2025-08-05
Matt Jencik and Midwife,Never Die,2025-08-05
maxime.,luv,2025-08-05
Metalfloor,Swamped,2025-08-05
Motorhead,The Manticore Tapes,2025-08-05
"Mully, Shvman, Valerona,Sharon",Where I Belong (Tim Damage Remix),2025-08-05
Mzrabelle,NAKED TRUTH,2025-08-05
NolasiA,NolasiA,2025-08-05
Nur-D,Chunkadelic,2025-08-05
"Pact, Peach",Die Hydrated,2025-08-05
Phabies,The Curse of Caring,2025-08-05
Powerplant,Heat,2025-08-05
Puberty Well,The Nature of Love,2025-08-05
Quadeca,"Vanisher, Horizon Scraper",2025-08-05
Rudy Love And The Encore,11,2025-08-05
Ryan Davis & The Roadhouse Band,New Threats From The Soul,2025-08-05
SAMANTHA SCHMUTZ AND ADRIAN YOUNGE,Samantha E Adrian,2025-08-05
Seinsucre,Pea Soup,2025-08-05
Seinsucre,Pea Sou[,2025-08-05
Serpent Corpse,Retaliate,2025-08-05
Somerset Thrower,Take Only What You Need to Survive,2025-08-05
Son Lux,Risk Of Make Believe,2025-08-05
"Stakes Are Us, The",You Get To Be You,2025-08-05
Stomach,Low Demon,2025-08-05
Sundiver,How To Live With Yourself,2025-08-05
Sunstrokes,Sun Daze,2025-08-05
The Crickettes,The Path You Set For Me,2025-08-05
Tony Njoku,ALL OUR KNIVES ARE ALWAYS SHARP,2025-08-05
TyriqueOrDie,U Know How Dis Go,2025-08-05
"Vallières, Vincent",Vallières au travers de la route,2025-08-05
Various,Weird Scenes From Inside The Droll Mind,2025-08-05
Various,World Beach Party,2025-08-05
"Waronker, Joey , and Pete Min",King King,2025-08-05
Wedding,7 songs for tree climbing,2025-08-05
Wisp,If Not Winter,2025-08-05
yeemz,Blame The Gods,2025-08-05
Yoshika Colwell,On The Wing,2025-08-05
"Young, Connor",Here's to Now,2025-08-05
Youth Code,"Yours, With Malice",2025-08-05
Odalie,Optimistic Nihilism,2025-08-06
Pen Pal Aloha,Pacific,2025-08-06
Annika Chambers & Paul DesLauriers,Our Time to Ride,2025-08-08
Arcade Fire,Pink Elephant,2025-08-08
"Bloc, Western",Creatures,2025-08-08
Bluerock Junction,Thrift Store Queen,2025-08-08
"Chen, Charles",Building Characters,2025-08-08
"Cosker, Alyn",Onta,2025-08-08
Dave and Kristi,The Chickadees,2025-08-08
"Drew, Fran , and the Lucky Strikes",Trial by Fire,2025-08-08
ESKA,The Ordinary Life of a Magic Woman,2025-08-08
"Guy, Buddy",Ain't Done With The Blues,2025-08-08
"Hart, Jess",Jade,2025-08-08
Kailee Duggan,Train of Thought,2025-08-08
Africa Express,Africa Express presents... Bahidora,2025-08-11
"Armed, The",THE FUTURE IS HERE AND EVERYTHING NEEDS TO BE DESTROYED,2025-08-11
Atomizator,Nuclear Booze Patrol,2025-08-11
"Boulanger, Elise",Spirit Seekers(The Golden Age of Wrestling Remix),2025-08-11
Deadguy,Near-Death Travel Services,2025-08-11
"Dirty Nil, The",The Lash,2025-08-11
"Ellsworth, Dennis",Hardcore Freewheelin',2025-08-11
"Fleming, Kele",Radio EP,2025-08-11
Gingerbee,Apiary,2025-08-11
Hedonist,Scapulimancy,2025-08-11
Hughes,Hughes,2025-08-11
"Jack Moves, The",Love Machine,2025-08-11
"Kerber, Jess",From Way Down Here,2025-08-11
Kerub,APHANTASIA,2025-08-11
"Kourtesis, Sofia",Volver EP,2025-08-11
Kutiman,Dreams In Aspamia EP,2025-08-11
"Mac Cormack, Jesse",JOY,2025-08-11
Man Made Hill,Delicious Logo,2025-08-11
Niloo,Sour Cherry,2025-08-11
Prisoner,Kill The King,2025-08-11
Self Inflicted,Terrors of a Demented Mind,2025-08-11
"Sherwood, Adrian",The Grand Designer,2025-08-11
"Sly , And The Family Stone",The First Family: Live at Winchester Cathedral 1967,2025-08-11
Tropos,Switches,2025-08-11
Walter Mitty and His Makeshift Orchestra,Yikes Almighty,2025-08-11
within,Reservoir,2025-08-11
Aelys,Artificial Sky,2025-08-12
Amora's Dream,something for your mental health,2025-08-12
"Archibald, Alex",Waste Knot,2025-08-12
Area Resident,Protanopia,2025-08-12
"Bee Sea, Bee",It's All About The Music EP,2025-08-12
Bezerk,Underground Sound,2025-08-12
"Black, Megan",Clementine,2025-08-12
"Bloom, Jane Ira",Songs in Space,2025-08-12
"Brooks, Oliver James",Between Me & Me,2025-08-12
Buns,JoyRide,2025-08-12
Cardboard Cutouts,Politics and Footy Tips,2025-08-12
"Cavernous, The , and Melohalo",Please Hold,2025-08-12
"Cavernous, The",Please Hold,2025-08-12
"Chung, Jacob",Live at Frankie's Jazz Club,2025-08-12
Cloverdale,Channel 303,2025-08-12
CUTDWN,Underground Runner,2025-08-12
Delta '88,Center Of A Breath,2025-08-12
Domo Genesis and Graymatter,World Gone Mad [EP],2025-08-12
dr.rift,dr.rift,2025-08-12
Drainolith,Macbeth,2025-08-12
Drug Sauna,Druggernaut,2025-08-12
Elder Caius,Elder Caius,2025-08-12
Empty Nesters,Deaf Monks,2025-08-12
Eternal Drak,The Warrior Order,2025-08-12
"Feingold, Adam",Nothing Is A Field,2025-08-12
"Felix, TJ","MUSIC FOR SUSPECTS, ANTISOCIALITES, & PSUEDOSAPIENS AKA THE SELF-TITLED ALBUM",2025-08-12
Fetus Blasters,Where are you?,2025-08-12
"Field, Mike",Nashland,2025-08-12
Frown Line,Come Around,2025-08-12
GA-20,EP Volume 2,2025-08-12
Galore,Dirt,2025-08-12
GLADHANDING,GLADHANDING,2025-08-12
"Goldblum, Jeff , & Mildred Snitzer Orchestra",Still Bloomin,2025-08-12
GRECIA ALBÁN,NUBES SELVA,2025-08-12
"Henderson, Tyler",Love Endures,2025-08-12
Jump Source,JS06,2025-08-12
Justice,Mannequin Love (remixes),2025-08-12
"Keberle, Ryan , and Collectiv do Brasil",Choro Das Aguas,2025-08-12
"Keleta-Mae, Naila",Grateful,2025-08-12
"Kody Norris Show, The",Highfalutin Hillbilly,2025-08-12
"Lapwood, Anna",Firedove,2025-08-12
"Lea, Ada",when i paint my masterpiece,2025-08-12
Lipsticism,Wanted To Show You,2025-08-12
Maddisun,The Pages,2025-08-12
"Masse, Philippe",Le Vent,2025-08-12
Massirraytorr,Lunar Dawn,2025-08-12
"Mukhtar, Ahmed , and Ignacio Lusardi Monteverde",Al-hambra,2025-08-12
"Ondamike, Thug Shells",Ooey Gooey,2025-08-12
"Pinkque, That Girl",Breathe Fire (Artena Remix),2025-08-12
Precipice,Part of the Whole,2025-08-12
Quitapenas,¡Retumba!,2025-08-12
Red Jacket,Rebarbeach,2025-08-12
"Reverie, Mike, Geos Crew",Tru3 Lov3 feat. Zara,2025-08-12
"Science Of The Heart, The",Night Drive,2025-08-12
Sex Week,Upper Mezzanine,2025-08-12
"Silver Sardines, The","Little Man, What Now?",2025-08-12
"Soroka, Dave",Dale Avenue,2025-08-12
"Southey, Alex",Dogs Aren't Great With the Weather Change,2025-08-12
Stéphane Archambault,Point,2025-08-12
"Strategy, Mythm",Walk It Out,2025-08-12
Summer Bruises,Out of Body,2025-08-12
"Szymanski, Morgan , and Tommy Perman",Songs for the Mist Forest,2025-08-12
Teethe,Magic Of The Sale,2025-08-12
The New Eves,The New Eve Is Rising,2025-08-12
thisquietarmy,Langue Hybride,2025-08-12
Twitch,dark music for a dark generation,2025-08-12
username,LOOK WHAT YOU DID,2025-08-12
Various,Octave Studios Presents: Live From Alternative Waves 2024,2025-08-12
Various,Octave Studios Presents: Live From Moments Festival 2024,2025-08-12
"Vickers, James , Band",Last Goodbye,2025-08-12
"Wauters, Juan",MVD LUV,2025-08-12
"Wheeler, Beau",Trans,2025-08-12
Wombo,Danger In Fives,2025-08-12
"Boneshakers, The",Live to Be This,2025-08-15
"Burnside, Garry",It's My Time Now,2025-08-15
Ezra,Froggy's Demise,2025-08-15
Madalitso Band,Ma Gitala,2025-08-15
Minor Gold,Way to the Sun,2025-08-15
Propter Hawk,Sorry! EP,2025-08-15
"VanGaalen, Chad",First Night of Summer,2025-08-15
"VanGaalen, Chad",Peace Museum Vol 1,2025-08-15
"Vanhemert, Jordan",Survival of the Fittest,2025-08-15
"Wood Brothers, The",Puff of Smoke,2025-08-15
Dead Tooth,Dead Tooth,2025-08-18
"Gazmen, Noah",Hold Me While I Disappear,2025-08-18
Jasmyn,In The Wild (Reimagined),2025-08-18
JID,God Does Like Ugly,2025-08-18
Keening,you are so small and the world is so big,2025-08-18
Sigh Die,Not My Demos,2025-08-18
Thee Oh Sees,Abomination Revealed At Last,2025-08-18